	.env	100644	8f988c51eddeff78cb7573261e0ccc721c8ae4964b0e89ce250dd5a68cadd073
	.env.example	100644	5cd0de078b56a09bd115ae0a7b758403869388984fa7e85278bf818afd253cf1
	.github/workflows/ci.yml	100644	56badb42b9ce6c2c902389c53a73600219d57db15ccf20b6fb767512df87418d
	.gitignore	100644	5ac6647e5920c2d7e68d8f8c2d018199882fffa9d7570b9f32b15606cc8fbae0
	.opencode/.gitignore	100644	663a068e76d264d0bc6740f5450b6c4193c7b41ecf5e0dc222485b8a17404d95
	.opencode/agents/aidlc-architect-agent.md	100644	17c6b32c6a959f234f6674d31f0e03dc13c448d73013e96f0289383eb064f553
	.opencode/agents/aidlc-architecture-reviewer-agent.md	100644	0c3c4779b446286e1f4f429c1ce75c98599998045c22890a283175d470d75fa4
	.opencode/agents/aidlc-aws-platform-agent.md	100644	e90d8e4aad32f7af264865b0e0001ea7918134938ca8260e0b51de31ac01bcfa
	.opencode/agents/aidlc-compliance-agent.md	100644	9cfe2878b594c3163fde859e0f5c0dc7e5be543554240e8ac3278d3aad2d096b
	.opencode/agents/aidlc-composer-agent.md	100644	49f1553377cdd18ccfae82e86b055fd183744e5e144afc706ad8f65167a83dec
	.opencode/agents/aidlc-delivery-agent.md	100644	ec36b5a0f85fcdf12b515352dbaba41766e9f45172e42d22a033f0c21b17ebac
	.opencode/agents/aidlc-design-agent.md	100644	d5308ec9fa87230e4971f27a9ca3435075c39520743324b46701efe255e90c6c
	.opencode/agents/aidlc-developer-agent.md	100644	8ec48958f91e63dce8d1537a444c87d7bd94a674e607f06b01a65d617b409c42
	.opencode/agents/aidlc-devsecops-agent.md	100644	8a34a14f5833fcc6da7b9923157a6b5977300922e0c52b4cd61c58d64c976620
	.opencode/agents/aidlc-operations-agent.md	100644	ced36628359f062ae0d38a34845fe5626e737ad72c33fd6415adf0641ad60a9d
	.opencode/agents/aidlc-pipeline-deploy-agent.md	100644	2eca05850492dcf63bf8edd47a52486faad9e7ccb900d221f923dfd8f32a6f30
	.opencode/agents/aidlc-product-agent.md	100644	7272ac3585b001df72af616b35b37d70ccfbb5ca38d94476bfb86cb7c225af30
	.opencode/agents/aidlc-product-lead-agent.md	100644	76b117da0d4215c44e1bdb656c09430cd9ba54e8573fef49aa4660b765a1852d
	.opencode/agents/aidlc-quality-agent.md	100644	0788f74d711984ab4a35601fc45c2053091a41af085d449c1ce8400b0b0cd19b
	.opencode/command/aidlc.md	100644	aa7e2a912d9a44ecc2bb3dc02aa269edace6586dd5fb5634966435f59360fe51
	.opencode/package-lock.json	100644	ae8df484d0877c3223fccb8942485503aef5d688c04dff0d84b3dc0990dd9f96
	.opencode/package.json	100644	da94c1e41c604fb58535a9c4e7fd19e96468516b37d975ffacf9eacda13c8f09
	.opencode/plugin/aidlc-opencode-adapter.ts	100644	813ef535787feb42fcd85ff444b03e3caa33f55ebc41ad902bc9c00582b8d444
	.vscode/settings.json	100644	f5d243161195e95614644a47bf460e75b802b80ff562f0347b05dfa4c67497a0
	AGENTS.md	100644	fb5e16b65a8e2ca7e692c99471592306749c3041bcc1e3181f57c63b92cdaf01
	Dockerfile	100644	b187d50a990cfd5bfeade9304695ccd6bcb6329e815f9036490e5cbfe8f2580e
	README.md	100644	1e9f0fa0ba59ac1e4bdce3b0efd8ed4a13ca79f718659fd95e695e11d298eeba
	docker-compose.yml	100644	0ff4876fbc7328ceb0ec4f057e7a640f097ddfd1bb2f4f986d8e83427ea98435
	jest.config.cjs	100644	5dc5104cc39647f38e4f7f9c0e528e811ff1941bae4d7875f36f43ff5bf6066a
	next-env.d.ts	100644	9dd9d642cdb87d4d5b3173217e0c45429b3e47a6f5cf5fb0ead6c644ec5fed01
	next.config.js	100644	3b01580e36c87dbe196056096930f643b493c334eec7ea45f194d479e7d0efc9
	opencode.json	100644	bc216975f2d614214fc6b6cc612c78f7da3f2b3f56492f0c252297fdc51fb928
	package-lock.json	100644	0a1ff85009d90b41562011ac0a341819b049d64071b478e26a62e84f38d90d45
	package.json	100644	3cdc844cc2d049842b3d264924629c65e327abc06aa70b7e72c370d8ab6ee60c
	postcss.config.js	100644	9b6efc6c29ec8638da6d7d7a78adbbe56840c71807104dad8203af2f065ea980
	prisma/migrations/20260902102548_init/migration.sql	100644	bb90936434d72bd757273abc223c478a2a949b821f0bbb39f4ac612838e110b0
	prisma/migrations/migration_lock.toml	100644	693566b52c49db47a2b0901d12400aa3d710d13a49f4a2a154b80c0505ed737c
	prisma/schema.prisma	100644	04ec0400578289edd85aa76ff915b98ec8d2334a05b68adcdacfb2d48b821bbc
	skills-lock.json	100644	92a8c939abb08ba1379bdecc62cf6fa15f0a6914dcc6a934b79039541645de67
	src/__tests__/orderService.test.ts	100644	181adc2c709419a69d48a0543272fe3e2edc01ab43468f39a0653c9806e0112b
	src/__tests__/validation.test.ts	100644	f3265dc69bc4ba6e308a0df40dcc7a3365dbefc58aad36de36810774f1805453
	src/app/admin/page.tsx	100644	d835b90f76c46b49d4a6c01569e22b0d1f980afbc3e5ad82129e3203a9e97c41
	src/app/admin/products/[id]/EditProduct.tsx	100644	3691a232846f2a58929a43622e45b99484bb8bdc7461f861d2c6e31ff398146a
	src/app/admin/products/[id]/page.tsx	100644	31311ea731f30c3d07ee7eb665100ca8bac076712fed80da1eb05d7eea7dd5de
	src/app/admin/products/new/page.tsx	100644	0b087c3d1ed0ac82255ff34395ac04e129eaae504503a3e33a3e7f9bafc5bd7a
	src/app/admin/products/page.tsx	100644	0ee42aeab7ab9b5769bd1e15283c84149dfbb7461b4d69986b2da41db1b8d1c5
	src/app/api/admin/variants/[id]/route.ts	100644	af43ad0256a41a021fb758f3e7279447f853f8b9c722f1469b472aadb0238afc
	src/app/api/cart/route.ts	100644	de1e698141cecc9dda11352c826ddd4f31e01d24b978044f80f689c442f0c4b0
	src/app/api/orders/[id]/route.ts	100644	bf4f4402ece4fa40a5aa73b5969ac0b9267cf93b9b08cfc55f088f9296be503c
	src/app/api/orders/route.ts	100644	558f9c1317cf8a4ef06a5a116712c7aa47e9f2922d8b359cb33a65dc7dec66dc
	src/app/api/products/route.ts	100644	834b053b46cb410fa8366969bad7187b1d0e722cd8f384922d8846a1f15cbb30
	src/app/cart/page.tsx	100644	7c9213057138f0202e0e95dd8f9a14de6f80903af2c09981636eab085ba75e30
	src/app/components/ProductCard.tsx	100644	523a39a07362c90bf78c3e89be3cee762f6201dc73b787a54409495fca9f06ce
	src/app/layout.tsx	100644	f6890946a183f3aab2b38fcf71e8def4ed19d8be73cc37216db4b8eb120c9a0b
	src/app/order/[id]/page.tsx	100644	c3528956f1fd1679056cecfaedc05da4fb2262eb80b56629ea8cdf8cd551c4ef
	src/app/page.module.css	100644	89870ca7a24daa34ae39882e0f85ed849b090ed0953b8ec4c37aed2d3479f6aa
	src/app/page.tsx	100644	c0de18178b6b7c689110bc009acb92cea2841fe1b27799dc18830bedf529edaa
	src/app/products/[slug]/ProductDetail.tsx	100644	0f2ce44edf3228ec777e087243b1c92f42d6bc7b6cc35cf5b4dd2a7a0fba920d
	src/app/products/[slug]/page.tsx	100644	8a77ea5bed0aa1aa552c4379462bb4a07fb9a7cde15bd60d1a27f2b8402842b7
	src/app/products/page.tsx	100644	2475a9d422ad49b65aecfff526bb24304aac14a1761713e597121709955e0afc
	src/app/styles/globals.css	100644	0cdc632964ff46d788bd47d750bca1b50dc35a9afb0f8ccb26b106b7cc092961
	src/globals.d.ts	100644	da5bf71d48cf909584a01c80b445f730507068f5b34c920f352e2bfcf0315e4c
	src/lib/orderService.ts	100644	1fd1a3cc6d440c2e5b3f95721f4e34eb7d986594a261eeb259a191ccd3454a4b
	src/lib/validation.ts	100644	e94ef5e12643f3ac5d439a7c5ffcaf4d2d611f61865f4d0a1201ef384103f782
	tailwind.config.js	100644	a5d4b42efe9c6e68bf6c01593dd5de02937a0b6949e5c6ae2181540ada27843f
	tsconfig.json	100644	fcf74454f6863ce0d2db211f99f2ea292772685c0a98cf55409ff36af6483b5f
